"Continent ID","Continent","Country ID","Country","ISO 3","Trade Value"
"af","Africa","afago","Angola","ago",9057
"af","Africa","afbdi","Burundi","bdi",8850
"af","Africa","afben","Benin","ben",82142
"af","Africa","afbfa","Burkina Faso","bfa",393952
"af","Africa","afbwa","Botswana","bwa",27111
"af","Africa","afciv","Cote d'Ivoire","civ",17092511
"af","Africa","afcmr","Cameroon","cmr",11655
"af","Africa","afcod","Democratic Republic of the Congo","cod",472
"af","Africa","afcog","Republic of the Congo","cog",7609
"af","Africa","afcpv","Cape Verde","cpv",6577.000000000001
"af","Africa","afdza","Algeria","dza",159641
"af","Africa","afegy","Egypt","egy",8379656
"af","Africa","afeth","Ethiopia","eth",25310
"af","Africa","afgab","Gabon","gab",2973.9999999999995
"af","Africa","afgha","Ghana","gha",406913
"af","Africa","afgin","Guinea","gin",2016
"af","Africa","afgnq","Equatorial Guinea","gnq",7197622
"af","Africa","afken","Kenya","ken",6426009
"af","Africa","aflso","Lesotho","lso",414
"af","Africa","afmar","Morocco","mar",687082
"af","Africa","afmdg","Madagascar","mdg",76075.99999999999
"af","Africa","afmli","Mali","mli",394382.00000000006
"af","Africa","afmoz","Mozambique","moz",475693.99999999994
"af","Africa","afmus","Mauritius","mus",5387919.999999999
"af","Africa","afmwi","Malawi","mwi",14766
"af","Africa","afnam","Namibia","nam",132378
"af","Africa","afnga","Nigeria","nga",12141000
"af","Africa","afrwa","Rwanda","rwa",1827017
"af","Africa","afsdn","Sudan","sdn",75577
"af","Africa","afsen","Senegal","sen",803154
"af","Africa","afsle","Sierra Leone","sle",48220
"af","Africa","afswz","Eswatini","swz",26321
"af","Africa","afsyc","Seychelles","syc",176116
"af","Africa","aftgo","Togo","tgo",146412
"af","Africa","aftun","Tunisia","tun",3010063
"af","Africa","aftza","Tanzania","tza",4415438
"af","Africa","afuga","Uganda","uga",211121
"af","Africa","afzaf","South Africa","zaf",78462337
"af","Africa","afzmb","Zambia","zmb",377025
"af","Africa","afzwe","Zimbabwe","zwe",1458101
"as","Asia","asafg","Afghanistan","afg",286.00000000000006
"as","Asia","asare","United Arab Emirates","are",19964024
"as","Asia","asarm","Armenia","arm",293724
"as","Asia","asaze","Azerbaijan","aze",3451
"as","Asia","asbgd","Bangladesh","bgd",237441
"as","Asia","asbhr","Bahrain","bhr",125371.00000000001
"as","Asia","ascck","Cocos (Keeling) Islands","cck",16915
"as","Asia","aschn","China","chn",2183408600
"as","Asia","ascyp","Cyprus","cyp",886497
"as","Asia","asgeo","Georgia","geo",200491.00000000003
"as","Asia","ashkg","Hong Kong","hkg",10829946
"as","Asia","asidn","Indonesia","idn",245641407
"as","Asia","asind","India","ind",1628234788
"as","Asia","asirn","Iran","irn",522149
"as","Asia","asisr","Israel","isr",406434389
"as","Asia","asjor","Jordan","jor",35107439
"as","Asia","asjpn","Japan","jpn",299702191
"as","Asia","askaz","Kazakhstan","kaz",2002544
"as","Asia","askgz","Kyrgyzstan","kgz",1839023
"as","Asia","askhm","Cambodia","khm",340015
"as","Asia","askor","South Korea","kor",352504123
"as","Asia","askwt","Kuwait","kwt",529296
"as","Asia","aslao","Laos","lao",3465.0000000000005
"as","Asia","aslbn","Lebanon","lbn",625413
"as","Asia","aslka","Sri Lanka","lka",36746
"as","Asia","asmac","Macau","mac",62
"as","Asia","asmdv","Maldives","mdv",291.00000000000006
"as","Asia","asmmr","Burma","mmr",51135
"as","Asia","asmng","Mongolia","mng",415
"as","Asia","asmys","Malaysia","mys",62387079
"as","Asia","asomn","Oman","omn",9990853
"as","Asia","aspak","Pakistan","pak",3634729
"as","Asia","asphl","Philippines","phl",11742882
"as","Asia","asprk","North Korea","prk",831
"as","Asia","aspse","Palestine","pse",34685
"as","Asia","asqat","Qatar","qat",660567
"as","Asia","assau","Saudi Arabia","sau",2101362
"as","Asia","assgp","Singapore","sgp",421283802
"as","Asia","astha","Thailand","tha",66007518
"as","Asia","astur","Turkey","tur",75697339
"as","Asia","astwn","Chinese Taipei","twn",79598240
"as","Asia","asuzb","Uzbekistan","uzb",655535
"as","Asia","asvnm","Vietnam","vnm",50300820
"as","Asia","asyem","Yemen","yem",304216
"eu","Europe","eualb","Albania","alb",18539
"eu","Europe","euaut","Austria","aut",211012985
"eu","Europe","eubel","Belgium","bel",227774665
"eu","Europe","eubgr","Bulgaria","bgr",22483256
"eu","Europe","eubih","Bosnia and Herzegovina","bih",56782
"eu","Europe","eublr","Belarus","blr",2114131
"eu","Europe","euche","Switzerland","che",58401325
"eu","Europe","eucze","Czechia","cze",28020320
"eu","Europe","eudeu","Germany","deu",779348802
"eu","Europe","eudnk","Denmark","dnk",102088367
"eu","Europe","euesp","Spain","esp",431658703
"eu","Europe","euest","Estonia","est",1016810
"eu","Europe","eufin","Finland","fin",2720890
"eu","Europe","eufra","France","fra",928620981
"eu","Europe","eugbr","United Kingdom","gbr",131750738
"eu","Europe","eugrc","Greece","grc",74150117
"eu","Europe","euhrv","Croatia","hrv",5576668
"eu","Europe","euhun","Hungary","hun",128115824
"eu","Europe","euirl","Ireland","irl",7833059
"eu","Europe","euisl","Iceland","isl",1551
"eu","Europe","euita","Italy","ita",273532475
"eu","Europe","eultu","Lithuania","ltu",5865001
"eu","Europe","eulux","Luxembourg","lux",1597507
"eu","Europe","eulva","Latvia","lva",1037218
"eu","Europe","eumda","Moldova","mda",540604
"eu","Europe","eumkd","North Macedonia","mkd",107216
"eu","Europe","eumlt","Malta","mlt",261933.00000000003
"eu","Europe","eumne","Montenegro","mne",21805.999999999996
"eu","Europe","eunld","Netherlands","nld",158994325
"eu","Europe","eunor","Norway","nor",23053331
"eu","Europe","eupol","Poland","pol",98693283
"eu","Europe","euprt","Portugal","prt",32525943
"eu","Europe","eurou","Romania","rou",34706813
"eu","Europe","eurus","Russia","rus",26368634
"eu","Europe","eusmr","San Marino","smr",980647
"eu","Europe","eusrb","Serbia","srb",4673282
"eu","Europe","eusvk","Slovakia","svk",2848564
"eu","Europe","eusvn","Slovenia","svn",18639532
"eu","Europe","euswe","Sweden","swe",8999293
"eu","Europe","euukr","Ukraine","ukr",3316420
"na","North America","naabw","Aruba","abw",349
"na","North America","naatg","Antigua and Barbuda","atg",1188
"na","North America","nabhs","Bahamas","bhs",5
"na","North America","nablz","Belize","blz",44.00000000000001
"na","North America","nabrb","Barbados","brb",8815397
"na","North America","nacan","Canada","can",38754893
"na","North America","nacri","Costa Rica","cri",16034656
"na","North America","nacub","Cuba","cub",106498
"na","North America","nacuw","Curaçao","cuw",7849
"na","North America","nadma","Dominica","dma",123
"na","North America","nadom","Dominican Republic","dom",3617493
"na","North America","nagtm","Guatemala","gtm",69351262
"na","North America","nahnd","Honduras","hnd",895234
"na","North America","nahti","Haiti","hti",12
"na","North America","najam","Jamaica","jam",199817
"na","North America","nakna","Saint Kitts and Nevis","kna",54.00000000000001
"na","North America","nalca","Saint Lucia","lca",7957.000000000001
"na","North America","namaf","Saint Martin","maf",13.000000000000002
"na","North America","namex","Mexico","mex",144711465
"na","North America","nanic","Nicaragua","nic",24989
"na","North America","napan","Panama","pan",4078706
"na","North America","naslv","El Salvador","slv",497112
"na","North America","natto","Trinidad and Tobago","tto",3533994
"na","North America","nausa","United States","usa",2090580095
"na","North America","navgb","British Virgin Islands","vgb",1391
"oc","Oceania","ocaus","Australia","aus",53638624
"oc","Oceania","ocfji","Fiji","fji",125317
"oc","Oceania","ocnzl","New Zealand","nzl",11150863
"oc","Oceania","ocpcn","Pitcairn Islands","pcn",11780
"oc","Oceania","ocpyf","French Polynesia","pyf",52025
"oc","Oceania","octkl","Tokelau","tkl",45922
"oc","Oceania","ocvut","Vanuatu","vut",40.99999999999999
"sa","South America","saarg","Argentina","arg",112058415
"sa","South America","sabol","Bolivia","bol",163707
"sa","South America","sabra","Brazil","bra",108575350
"sa","South America","sachl","Chile","chl",6855558
"sa","South America","sacol","Colombia","col",94173516
"sa","South America","saecu","Ecuador","ecu",1408401
"sa","South America","saguy","Guyana","guy",13565
"sa","South America","saper","Peru","per",5511839
"sa","South America","sapry","Paraguay","pry",28014427
"sa","South America","sasur","Suriname","sur",227638
"sa","South America","saury","Uruguay","ury",24044398
"sa","South America","saven","Venezuela","ven",3371.0000000000005